{
	"info": {
		"_postman_id": "ffec6e16-57c1-4674-b8d6-933dc1c60271",
		"name": "gedebook",
		"schema": "https://schema.getpostman.com/json/collection/v2.1.0/collection.json",
		"_exporter_id": "16996131"
	},
	"item": [
		{
			"name": "user register",
			"request": {
				"method": "POST",
				"header": [],
				"body": {
					"mode": "raw",
					"raw": "{\r\n    \"name\" : \"test login\",\r\n    \"email\" : \"teslogintoken@gmail.com\",\r\n    \"phone_number\" : \"08982215813\",\r\n    \"occupation\" : \"test occupation\",\r\n    \"password\" : \"testpassword\"\r\n}",
					"options": {
						"raw": {
							"language": "json"
						}
					}
				},
				"url": {
					"raw": "localhost:8080/api/v1/users",
					"host": [
						"localhost"
					],
					"port": "8080",
					"path": [
						"api",
						"v1",
						"users"
					]
				}
			},
			"response": []
		},
		{
			"name": "user login",
			"request": {
				"method": "POST",
				"header": [],
				"body": {
					"mode": "raw",
					"raw": "{\r\n    \"email\" : \"teslogintoken1@gmail.com\",\r\n    \"password\" : \"testpassword\"\r\n}",
					"options": {
						"raw": {
							"language": "json"
						}
					}
				},
				"url": {
					"raw": "localhost:8080/api/v1/sessions",
					"host": [
						"localhost"
					],
					"port": "8080",
					"path": [
						"api",
						"v1",
						"sessions"
					]
				}
			},
			"response": []
		},
		{
			"name": "email checkers",
			"request": {
				"method": "POST",
				"header": [],
				"body": {
					"mode": "raw",
					"raw": "{\r\n    \"email\" : \"teslogintoken@gmail.com\"\r\n}",
					"options": {
						"raw": {
							"language": "json"
						}
					}
				},
				"url": {
					"raw": "localhost:8080/api/v1/email_checkers",
					"host": [
						"localhost"
					],
					"port": "8080",
					"path": [
						"api",
						"v1",
						"email_checkers"
					]
				}
			},
			"response": []
		},
		{
			"name": "upload avatars",
			"request": {
				"method": "POST",
				"header": [
					{
						"key": "Authorization",
						"value": "Bearer eyJhbGciOiJIUzI1NiIsInR5cCI6IkpXVCJ9.eyJ1c2VyX2lkIjoyOX0.fT7YXJW7VTlXhX2eWmRWnFujXzY3TKyKuvBuUvVDPZY",
						"type": "text"
					}
				],
				"body": {
					"mode": "formdata",
					"formdata": [
						{
							"key": "avatar",
							"type": "file",
							"src": "/G:/Garner-UCaaS-2021.png"
						}
					]
				},
				"url": {
					"raw": "localhost:8080/api/v1/avatars",
					"host": [
						"localhost"
					],
					"port": "8080",
					"path": [
						"api",
						"v1",
						"avatars"
					]
				}
			},
			"response": []
		},
		{
			"name": "list book",
			"request": {
				"method": "GET",
				"header": [],
				"url": {
					"raw": "localhost:8080/api/v1/books?user_id=9",
					"host": [
						"localhost"
					],
					"port": "8080",
					"path": [
						"api",
						"v1",
						"books"
					],
					"query": [
						{
							"key": "user_id",
							"value": "9"
						}
					]
				}
			},
			"response": []
		},
		{
			"name": "check images",
			"request": {
				"method": "GET",
				"header": [],
				"url": {
					"raw": "localhost:8080/images/29-Garner-UCaaS-2021.png",
					"host": [
						"localhost"
					],
					"port": "8080",
					"path": [
						"images",
						"29-Garner-UCaaS-2021.png"
					]
				}
			},
			"response": []
		},
		{
			"name": "detail book",
			"request": {
				"method": "GET",
				"header": [],
				"url": {
					"raw": "localhost:8080/api/v1/campaigns/3",
					"host": [
						"localhost"
					],
					"port": "8080",
					"path": [
						"api",
						"v1",
						"campaigns",
						"3"
					]
				}
			},
			"response": []
		},
		{
			"name": "create book",
			"request": {
				"method": "POST",
				"header": [
					{
						"key": "Authorization",
						"value": "Bearer eyJhbGciOiJIUzI1NiIsInR5cCI6IkpXVCJ9.eyJ1c2VyX2lkIjoyOX0.fT7YXJW7VTlXhX2eWmRWnFujXzY3TKyKuvBuUvVDPZY",
						"type": "text"
					}
				],
				"body": {
					"mode": "raw",
					"raw": "{\r\n    \"name\" : \"Sebuah buku yang sangat keren\",\r\n    \"short_description\" : \"deskripsi singkat\",\r\n    \"description\" : \"penjelasan panjang\",\r\n    \"file_image\" : \"book-images/tes.png\",\r\n    \"quantity\" : 1\r\n}",
					"options": {
						"raw": {
							"language": "json"
						}
					}
				},
				"url": {
					"raw": "localhost:8080/api/v1/books",
					"host": [
						"localhost"
					],
					"port": "8080",
					"path": [
						"api",
						"v1",
						"books"
					]
				}
			},
			"response": []
		},
		{
			"name": "update book",
			"request": {
				"method": "PUT",
				"header": [
					{
						"key": "Authorization",
						"value": "Bearer eyJhbGciOiJIUzI1NiIsInR5cCI6IkpXVCJ9.eyJ1c2VyX2lkIjoyOX0.fT7YXJW7VTlXhX2eWmRWnFujXzY3TKyKuvBuUvVDPZY",
						"type": "text"
					}
				],
				"body": {
					"mode": "raw",
					"raw": "{\r\n    \"name\" : \"Sebuah buku yang sangat keren update\",\r\n    \"short_description\" : \"deskripsi singkat banget\",\r\n    \"description\" : \"penjelasan panjang banget\",\r\n    \"file_image\" : \"book-images/tes.png\",\r\n    \"quantity\" : 1\r\n}",
					"options": {
						"raw": {
							"language": "json"
						}
					}
				},
				"url": {
					"raw": "localhost:8080/api/v1/books/5",
					"host": [
						"localhost"
					],
					"port": "8080",
					"path": [
						"api",
						"v1",
						"books",
						"5"
					]
				}
			},
			"response": []
		},
		{
			"name": "upload book image",
			"request": {
				"method": "POST",
				"header": [
					{
						"key": "Authorization",
						"value": "Bearer eyJhbGciOiJIUzI1NiIsInR5cCI6IkpXVCJ9.eyJ1c2VyX2lkIjo5fQ.YUIgSSDxm8nyzm1vlhgiOqXW1pcb8VtWkNPd_5U5Iw4",
						"type": "text"
					}
				],
				"url": {
					"raw": "localhost:8080/api/v1/book-image",
					"host": [
						"localhost"
					],
					"port": "8080",
					"path": [
						"api",
						"v1",
						"book-image"
					]
				}
			},
			"response": []
		}
	]
}